{
  "function": "himmelblau_4d",
  "projection_roi_threshold": 4.0,
  "volume_roi_threshold": 6.0,
  "grid": 20,
  "n_projection_evals": 46494,
  "volume_n_points": 46494,
  "n_volume_evals": 1057338,
  "total_evals": 1103832,
  "global_max": -6.281518037583415e-16,
  "projection_seconds": 5.9,
  "volume_seconds": 158.8,
  "volume_stats": {
    "n_anchors": 46494,
    "n_covered": 35187,
    "n_projected": 7523,
    "n_holes": 3784,
    "prefilter_acceptance": 0.12337239583333333,
    "probe_acceptance": 0.5325418333548415,
    "volume_estimate": 1362.3751451800233
  }
}