{
  "function": "himmelblau_4d",
  "roi_threshold": 4.0,
  "roi_volume": 6.0,
  "sigma": 0.8999999999999999,
  "grid": 20,
  "global_max": -1.261698311475752e-16,
  "n_projection_evals": 46363,
  "eval_budget": 46363,
  "n_walkers": 1495,
  "steps_per_walker": 30,
  "n_umbrella_evals": 46345,
  "n_in_band": 25880,
  "in_band_fraction": 0.558420541590247,
  "mean_acceptance": 0.35842054159024705,
  "projection_seconds": 8.1,
  "walker_seconds": 4.1
}